usuario_id;corpo;data_criacao
3;Pensando mais a longo prazo, o fenômeno da Internet nos obriga à análise do levantamento das variáveis envolvidas.;2019-12-02 00:00:00.000
5;Do mesmo modo, a hegemonia do ambiente político exige a precisão e a definição das regras de conduta normativas.;2019-12-03 00:00:00.000
3;É claro que a complexidade dos estudos efetuados possibilita uma melhor visão global dos paradigmas corporativos.;2019-12-05 00:00:00.000
5;Todas estas questões, devidamente ponderadas, levantam dúvidas sobre se o comprometimento entre as equipes representa uma abertura para a melhoria das condições inegavelmente apropriadas.;2019-12-05 00:00:00.000
2;Percebemos, cada vez mais, que o acompanhamento das preferências de consumo talvez venha a ressaltar a relatividade do processo de comunicação como um todo.;2019-12-08 00:00:00.000
5;É claro que a revolução dos costumes é uma das consequências da gestão inovadora da qual fazemos parte.;2019-12-10 00:00:00.000
1;A nível organizacional, o consenso sobre a necessidade de qualificação cumpre um papel essencial na formulação dos paradigmas corporativos.;2020-01-05 00:00:00.000
1;As experiências acumuladas demonstram que a complexidade dos estudos efetuados agrega valor ao estabelecimento de alternativas às soluções ortodoxas.;2020-01-10 00:00:00.000
3;A certificação de metodologias que nos auxiliam a lidar com a valorização de fatores subjetivos possibilita uma melhor visão global das formas de ação.;2020-01-12 00:00:00.000
3;Do mesmo modo, a valorização de fatores subjetivos assume importantes posições no estabelecimento da gestão inovadora da qual fazemos parte.;2020-01-14 00:00:00.000
3;Caros amigos, o início da atividade geral de formação de atitudes afeta positivamente a correta previsão das direções preferenciais no sentido do progresso.;2020-01-16 00:00:00.000
5;No entanto, não podemos esquecer que o acompanhamento das preferências de consumo cumpre um papel essencial na formulação dos conhecimentos estratégicos para atingir a excelência.;2020-01-17 00:00:00.000
5;O empenho em analisar o comprometimento entre as equipes apresenta tendências no sentido de aprovar a manutenção dos relacionamentos verticais entre as hierarquias.;2020-01-18 00:00:00.000
5;Gostaria de enfatizar que o julgamento imparcial das eventualidades obstaculiza a apreciação da importância das condições financeiras e administrativas exigidas.;2020-01-20 00:00:00.000
5;No mundo atual, o comprometimento entre as equipes auxilia a preparação e a composição das regras de conduta normativas.;2020-01-22 00:00:00.000
5;A nível organizacional, o novo modelo estrutural aqui preconizado faz parte de um processo de gerenciamento do impacto na agilidade decisória.;2020-01-24 00:00:00.000
1;O incentivo ao avanço tecnológico, assim como a percepção das dificuldades assume importantes posições no estabelecimento dos conhecimentos estratégicos para atingir a excelência.;2020-03-02 00:00:00.000
3;O cuidado em identificar pontos críticos na constante divulgação das informações agrega valor ao estabelecimento de todos os recursos funcionais envolvidos.;2020-05-02 00:00:00.000
4;É claro que a necessidade de renovação processual apresenta tendências no sentido de aprovar a manutenção do retorno esperado a longo prazo.;2020-01-25 00:00:00.000
4;Por conseguinte, a constante divulgação das informações ainda não demonstrou convincentemente que vai participar na mudança das diretrizes de desenvolvimento para o futuro.;2020-01-28 00:00:00.000